{
  "generatedAt": "2026-04-19T03:56:25.475Z",
  "benchmarkConfig": {
    "runs": 12,
    "warmup": 2,
    "ttlSeconds": 120,
    "dbOnlyMode": true
  },
  "target": {
    "communityId": "69956b85d39a452a75d59ab9",
    "managerId": "69956b86d39a452a75d59b11",
    "estimatedDocs": 552
  },
  "results": {
    "noCache": {
      "label": "DB only (no cache)",
      "avg": 61.94741666666672,
      "p50": 40.20440000000008,
      "p95": 281.13679999999977,
      "min": 37.54939999999988,
      "max": 281.13679999999977,
      "runs": 12,
      "sourceCounter": {
        "db": 12
      }
    },
    "cacheCold": null,
    "cacheWarm": null
  },
  "improvementVsNoCache": null,
  "diagnostics": null
}