{
  "generatedAt": "2026-04-19T03:53:16.019Z",
  "benchmarkConfig": {
    "runs": 12,
    "warmup": 2,
    "ttlSeconds": 120,
    "dbOnlyMode": false
  },
  "target": {
    "communityId": "69956b85d39a452a75d59ab9",
    "managerId": "69956b86d39a452a75d59b11",
    "estimatedDocs": 552
  },
  "results": {
    "noCache": {
      "label": "DB only (no cache)",
      "avg": 52.87991666666657,
      "p50": 40.861599999999726,
      "p95": 163.78179999999975,
      "min": 38.715999999999894,
      "max": 163.78179999999975,
      "runs": 12,
      "sourceCounter": {
        "db": 12
      }
    },
    "cacheCold": {
      "label": "Redis cold miss",
      "avg": 89.06580000000001,
      "p50": 47.44060000000036,
      "p95": 294.3141999999998,
      "min": 46.11480000000029,
      "max": 294.3141999999998,
      "runs": 6,
      "sourceCounter": {
        "db": 6
      }
    },
    "cacheWarm": {
      "label": "Redis warm hit",
      "avg": 1.9870749999999664,
      "p50": 1.889100000000326,
      "p95": 2.4695999999999003,
      "min": 1.7238999999999578,
      "max": 2.4695999999999003,
      "runs": 12,
      "sourceCounter": {
        "cache": 12
      }
    }
  },
  "improvementVsNoCache": {
    "warmHitAvg": {
      "deltaMs": 50.89,
      "percent": 96.24
    },
    "warmHitP95": {
      "deltaMs": 161.31,
      "percent": 98.49
    },
    "coldMissAvg": {
      "deltaMs": -36.19,
      "percent": -68.43
    }
  },
  "diagnostics": {
    "redisLikelyNetworkBound": false,
    "note": "Redis warm-hit is faster than DB path."
  }
}