{
  "generatedAt": "2026-04-19T03:59:58.337Z",
  "benchmarkConfig": {
    "runs": 12,
    "warmup": 2,
    "ttlSeconds": 120,
    "dbOnlyMode": false
  },
  "target": {
    "communityId": "69956b85d39a452a75d59ab9",
    "managerId": "69956b86d39a452a75d59b11",
    "estimatedDocs": 552
  },
  "results": {
    "noCache": {
      "label": "DB only (no cache)",
      "avg": 71.99030000000005,
      "p50": 39.371999999999844,
      "p95": 412.18359999999984,
      "min": 37.19380000000001,
      "max": 412.18359999999984,
      "runs": 12,
      "sourceCounter": {
        "db": 12
      }
    },
    "cacheCold": {
      "label": "Redis cold miss",
      "avg": 49.16993333333335,
      "p50": 48.80510000000004,
      "p95": 51.83010000000013,
      "min": 44.82920000000013,
      "max": 51.83010000000013,
      "runs": 6,
      "sourceCounter": {
        "db": 6
      }
    },
    "cacheWarm": {
      "label": "Redis warm hit",
      "avg": 2.5359916666665563,
      "p50": 2.7188999999998487,
      "p95": 3.3352999999997337,
      "min": 1.6087999999999738,
      "max": 3.3352999999997337,
      "runs": 12,
      "sourceCounter": {
        "cache": 12
      }
    }
  },
  "improvementVsNoCache": {
    "warmHitAvg": {
      "deltaMs": 69.45,
      "percent": 96.48
    },
    "warmHitP95": {
      "deltaMs": 408.85,
      "percent": 99.19
    },
    "coldMissAvg": {
      "deltaMs": 22.82,
      "percent": 31.7
    }
  },
  "diagnostics": {
    "redisLikelyNetworkBound": false,
    "note": "Redis warm-hit is faster than DB path."
  }
}